INSERT INTO job (id, category) VALUES (33, '식자재');
INSERT INTO job (id, category) VALUES (34, '농수축산');
INSERT INTO job (id, category) VALUES (35, '공산품');
INSERT INTO job (id, category) VALUES (36, '학교급식');
INSERT INTO job (id, category) VALUES (37, '쿠팡');
INSERT INTO job (id, category) VALUES (38, '컬리');
INSERT INTO job (id, category) VALUES (39, '택배');
INSERT INTO job (id, category) VALUES (40, 'E-커머스');
INSERT INTO job (id, category) VALUES (41, '편의점');
INSERT INTO job (id, category) VALUES (42, '화장품');
INSERT INTO job (id, category) VALUES (43, '소형화물');
INSERT INTO job (id, category) VALUES (44, '백화점');
INSERT INTO job (id, category) VALUES (45, '마트');
INSERT INTO job (id, category) VALUES (46, '한식');
INSERT INTO job (id, category) VALUES (47, '분식');
INSERT INTO job (id, category) VALUES (48, '일식');
INSERT INTO job (id, category) VALUES (49, '중식');
INSERT INTO job (id, category) VALUES (50, '커피');
INSERT INTO job (id, category) VALUES (51, '음료');
INSERT INTO job (id, category) VALUES (52, '피자');
INSERT INTO job (id, category) VALUES (53, '치킨');
INSERT INTO job (id, category) VALUES (54, '관광');
INSERT INTO job (id, category) VALUES (55, '통근');
INSERT INTO job (id, category) VALUES (56, '시외');
INSERT INTO job (id, category) VALUES (57, '고속');
INSERT INTO job (id, category) VALUES (58, '노선');
INSERT INTO job (id, category) VALUES (59, '마을');
INSERT INTO job (id, category) VALUES (60, '학원');
INSERT INTO job (id, category) VALUES (61, '물류');
INSERT INTO job (id, category) VALUES (62, '배차 관리');
INSERT INTO job (id, category) VALUES (63, '운수');
INSERT INTO job (id, category) VALUES (64, '자동차 부품');
INSERT INTO job (id, category) VALUES (65, '법인 택시');
INSERT INTO job (id, category) VALUES (66, '운전');
INSERT INTO job (id, category) VALUES (67, '수행');
INSERT INTO job (id, category) VALUES (68, '대리');
INSERT INTO job (id, category) VALUES (69, '발렛');
INSERT INTO job (id, category) VALUES (70, '퀵');
INSERT INTO job (id, category) VALUES (71, '배달');
INSERT INTO job (id, category) VALUES (72, '건설');
INSERT INTO job (id, category) VALUES (73, '토목');
INSERT INTO job (id, category) VALUES (74, '물류 관리');
INSERT INTO job (id, category) VALUES (75, '구인');
INSERT INTO job (id, category) VALUES (76, '구난');
INSERT INTO job (id, category) VALUES (77, '렌트카');
INSERT INTO job (id, category) VALUES (78, '환경 미화');
INSERT INTO job (id, category) VALUES (79, '컨테이너');
INSERT INTO job (id, category) VALUES (80, '탁송');
INSERT INTO job (id, category) VALUES (81, '이사');
INSERT INTO job (id, category) VALUES (82, '가구');
INSERT INTO job (id, category) VALUES (83, '가전');
INSERT INTO job (id, category) VALUES (84, '상조 서비스');
INSERT INTO car (id, category) VALUES (1, '1톤');
INSERT INTO car (id, category) VALUES (2, '2.5톤');
INSERT INTO car (id, category) VALUES (3, '3.5톤');
INSERT INTO car (id, category) VALUES (4, '5톤 이상');
INSERT INTO car (id, category) VALUES (5, '카고');
INSERT INTO car (id, category) VALUES (6, '택시');
INSERT INTO car (id, category) VALUES (7, '대형버스');
INSERT INTO car (id, category) VALUES (8, '소형버스');
INSERT INTO car (id, category) VALUES (9, '승용차');
INSERT INTO car (id, category) VALUES (10, '다마스');
INSERT INTO car (id, category) VALUES (11, '승합');
INSERT INTO car (id, category) VALUES (12, '굴삭기');
INSERT INTO car (id, category) VALUES (13, '지게차');
INSERT INTO car (id, category) VALUES (14, '덤프');
INSERT INTO car (id, category) VALUES (15, '레미콘');
INSERT INTO car (id, category) VALUES (16, '캐리어');
INSERT INTO car (id, category) VALUES (17, '오토바이');
INSERT INTO car (id, category) VALUES (18, '호이스트');
INSERT INTO car (id, category) VALUES (19, '트레일러');
INSERT INTO car (id, category) VALUES (20, '청소');
INSERT INTO car (id, category) VALUES (21, '렉카');
INSERT INTO car (id, category) VALUES (22, '사다리차');
INSERT INTO car (id, category) VALUES (23, '특수차');
INSERT INTO car (id, category) VALUES (24, '장례차');
INSERT INTO car (id, category) VALUES (25, '라보');
INSERT INTO car (id, category) VALUES (26, '밴');
INSERT INTO car (id, category) VALUES (27, '분뇨');
INSERT INTO car (id, category) VALUES (28, '견인');
INSERT INTO car (id, category) VALUES (29, '리프트');

INSERT INTO main_location (id, category) VALUES (1, '서울');
INSERT INTO main_location (id, category) VALUES (2, '경기');
INSERT INTO main_location (id, category) VALUES (3, '인천');
INSERT INTO main_location (id, category) VALUES (4, '대전');
INSERT INTO main_location (id, category) VALUES (5, '충남');
INSERT INTO main_location (id, category) VALUES (6, '충북');
INSERT INTO main_location (id, category) VALUES (7, '경북');
INSERT INTO main_location (id, category) VALUES (8, '경남');
INSERT INTO main_location (id, category) VALUES (9, '대구');
INSERT INTO main_location (id, category) VALUES (10, '울산');
INSERT INTO main_location (id, category) VALUES (11, '부산');
INSERT INTO main_location (id, category) VALUES (12, '광주');
INSERT INTO main_location (id, category) VALUES (13, '전남');
INSERT INTO main_location (id, category) VALUES (14, '전북');
INSERT INTO main_location (id, category) VALUES (15, '강원');
INSERT INTO main_location (id, category) VALUES (16, '제주');
INSERT INTO sub_location (id, category, main_location_id) VALUES (1, '강동', 1);
INSERT INTO sub_location (id, category, main_location_id) VALUES (2, '송파', 1);
INSERT INTO sub_location (id, category, main_location_id) VALUES (3, '강남', 1);
INSERT INTO sub_location (id, category, main_location_id) VALUES (4, '서초', 1);
INSERT INTO sub_location (id, category, main_location_id) VALUES (5, '동작', 1);
INSERT INTO sub_location (id, category, main_location_id) VALUES (6, '관악', 1);
INSERT INTO sub_location (id, category, main_location_id) VALUES (7, '영등포', 1);
INSERT INTO sub_location (id, category, main_location_id) VALUES (8, '금천', 1);
INSERT INTO sub_location (id, category, main_location_id) VALUES (9, '양천', 1);
INSERT INTO sub_location (id, category, main_location_id) VALUES (10, '구로', 1);
INSERT INTO sub_location (id, category, main_location_id) VALUES (11, '강서', 1);
INSERT INTO sub_location (id, category, main_location_id) VALUES (12, '마포', 1);
INSERT INTO sub_location (id, category, main_location_id) VALUES (13, '은평', 1);
INSERT INTO sub_location (id, category, main_location_id) VALUES (14, '서대문', 1);
INSERT INTO sub_location (id, category, main_location_id) VALUES (15, '도봉', 1);
INSERT INTO sub_location (id, category, main_location_id) VALUES (16, '강북', 1);
INSERT INTO sub_location (id, category, main_location_id) VALUES (17, '노원', 1);
INSERT INTO sub_location (id, category, main_location_id) VALUES (18, '용산', 1);
INSERT INTO sub_location (id, category, main_location_id) VALUES (19, '중구', 1);
INSERT INTO sub_location (id, category, main_location_id) VALUES (20, '종로', 1);
INSERT INTO sub_location (id, category, main_location_id) VALUES (21, '성북', 1);
INSERT INTO sub_location (id, category, main_location_id) VALUES (22, '동대문', 1);
INSERT INTO sub_location (id, category, main_location_id) VALUES (23, '중랑', 1);
INSERT INTO sub_location (id, category, main_location_id) VALUES (24, '광진', 1);
INSERT INTO sub_location (id, category, main_location_id) VALUES (25, '성동', 1);
INSERT INTO sub_location (id, category, main_location_id) VALUES (26, '구리', 2);
INSERT INTO sub_location (id, category, main_location_id) VALUES (27, '하남', 2);
INSERT INTO sub_location (id, category, main_location_id) VALUES (28, '남양주', 2);
INSERT INTO sub_location (id, category, main_location_id) VALUES (29, '의정부', 2);
INSERT INTO sub_location (id, category, main_location_id) VALUES (30, '양주', 2);
INSERT INTO sub_location (id, category, main_location_id) VALUES (31, '포천', 2);
INSERT INTO sub_location (id, category, main_location_id) VALUES (32, '동두천', 2);
INSERT INTO sub_location (id, category, main_location_id) VALUES (33, '연천', 2);
INSERT INTO sub_location (id, category, main_location_id) VALUES (34, '성남', 2);
INSERT INTO sub_location (id, category, main_location_id) VALUES (35, '광주', 2);
INSERT INTO sub_location (id, category, main_location_id) VALUES (36, '이천', 2);
INSERT INTO sub_location (id, category, main_location_id) VALUES (37, '여주', 2);
INSERT INTO sub_location (id, category, main_location_id) VALUES (38, '양평', 2);
INSERT INTO sub_location (id, category, main_location_id) VALUES (39, '안양', 2);
INSERT INTO sub_location (id, category, main_location_id) VALUES (40, '과천', 2);
INSERT INTO sub_location (id, category, main_location_id) VALUES (41, '군포', 2);
INSERT INTO sub_location (id, category, main_location_id) VALUES (42, '의왕', 2);
INSERT INTO sub_location (id, category, main_location_id) VALUES (43, '수원', 2);
INSERT INTO sub_location (id, category, main_location_id) VALUES (44, '용인', 2);
INSERT INTO sub_location (id, category, main_location_id) VALUES (45, '오산', 2);
INSERT INTO sub_location (id, category, main_location_id) VALUES (46, '화성', 2);
INSERT INTO sub_location (id, category, main_location_id) VALUES (47, '평택', 2);
INSERT INTO sub_location (id, category, main_location_id) VALUES (48, '안성', 2);
INSERT INTO sub_location (id, category, main_location_id) VALUES (49, '안산', 2);
INSERT INTO sub_location (id, category, main_location_id) VALUES (50, '시흥', 2);
INSERT INTO sub_location (id, category, main_location_id) VALUES (51, '부천', 2);
INSERT INTO sub_location (id, category, main_location_id) VALUES (52, '광경', 2);
INSERT INTO sub_location (id, category, main_location_id) VALUES (53, '김포', 2);
INSERT INTO sub_location (id, category, main_location_id) VALUES (54, '고양', 2);
INSERT INTO sub_location (id, category, main_location_id) VALUES (55, '파주', 2);
INSERT INTO sub_location (id, category, main_location_id) VALUES (64, '연수', 3);
INSERT INTO sub_location (id, category, main_location_id) VALUES (65, '남동', 3);
INSERT INTO sub_location (id, category, main_location_id) VALUES (66, '미추홀', 3);
INSERT INTO sub_location (id, category, main_location_id) VALUES (67, '중구', 3);
INSERT INTO sub_location (id, category, main_location_id) VALUES (68, '강화', 3);
INSERT INTO sub_location (id, category, main_location_id) VALUES (69, '서구', 3);
INSERT INTO sub_location (id, category, main_location_id) VALUES (70, '부평', 3);
INSERT INTO sub_location (id, category, main_location_id) VALUES (71, '계양', 3);
INSERT INTO sub_location (id, category, main_location_id) VALUES (72, '대덕', 4);
INSERT INTO sub_location (id, category, main_location_id) VALUES (73, '유성', 4);
INSERT INTO sub_location (id, category, main_location_id) VALUES (74, '서구', 4);
INSERT INTO sub_location (id, category, main_location_id) VALUES (75, '동구', 4);
INSERT INTO sub_location (id, category, main_location_id) VALUES (76, '중구', 4);
INSERT INTO sub_location (id, category, main_location_id) VALUES (77, '천안', 5);
INSERT INTO sub_location (id, category, main_location_id) VALUES (78, '아산', 5);
INSERT INTO sub_location (id, category, main_location_id) VALUES (79, '당진', 5);
INSERT INTO sub_location (id, category, main_location_id) VALUES (80, '서산', 5);
INSERT INTO sub_location (id, category, main_location_id) VALUES (81, '태안', 5);
INSERT INTO sub_location (id, category, main_location_id) VALUES (82, '홍성', 5);
INSERT INTO sub_location (id, category, main_location_id) VALUES (83, '청양', 5);
INSERT INTO sub_location (id, category, main_location_id) VALUES (84, '예산', 5);
INSERT INTO sub_location (id, category, main_location_id) VALUES (85, '보령', 5);
INSERT INTO sub_location (id, category, main_location_id) VALUES (86, '부여', 5);
INSERT INTO sub_location (id, category, main_location_id) VALUES (87, '서천', 5);
INSERT INTO sub_location (id, category, main_location_id) VALUES (88, '공주', 5);
INSERT INTO sub_location (id, category, main_location_id) VALUES (89, '논산', 5);
INSERT INTO sub_location (id, category, main_location_id) VALUES (90, '금산', 5);
INSERT INTO sub_location (id, category, main_location_id) VALUES (91, '충주', 6);
INSERT INTO sub_location (id, category, main_location_id) VALUES (92, '제천', 6);
INSERT INTO sub_location (id, category, main_location_id) VALUES (93, '단양', 6);
INSERT INTO sub_location (id, category, main_location_id) VALUES (94, '음성', 6);
INSERT INTO sub_location (id, category, main_location_id) VALUES (95, '진천', 6);
INSERT INTO sub_location (id, category, main_location_id) VALUES (96, '괴산', 6);
INSERT INTO sub_location (id, category, main_location_id) VALUES (97, '증평', 6);
INSERT INTO sub_location (id, category, main_location_id) VALUES (98, '청주', 6);
INSERT INTO sub_location (id, category, main_location_id) VALUES (99, '보은', 6);
INSERT INTO sub_location (id, category, main_location_id) VALUES (100, '옥천', 6);
INSERT INTO sub_location (id, category, main_location_id) VALUES (101, '영동', 6);
INSERT INTO sub_location (id, category, main_location_id) VALUES (102, '울진', 7);
INSERT INTO sub_location (id, category, main_location_id) VALUES (103, '영양', 7);
INSERT INTO sub_location (id, category, main_location_id) VALUES (104, '영덕', 7);
INSERT INTO sub_location (id, category, main_location_id) VALUES (105, '청송', 7);
INSERT INTO sub_location (id, category, main_location_id) VALUES (106, '봉화', 7);
INSERT INTO sub_location (id, category, main_location_id) VALUES (107, '영주', 7);
INSERT INTO sub_location (id, category, main_location_id) VALUES (108, '안동', 7);
INSERT INTO sub_location (id, category, main_location_id) VALUES (109, '예천', 7);
INSERT INTO sub_location (id, category, main_location_id) VALUES (110, '김천', 7);
INSERT INTO sub_location (id, category, main_location_id) VALUES (111, '구미', 7);
INSERT INTO sub_location (id, category, main_location_id) VALUES (112, '의성', 7);
INSERT INTO sub_location (id, category, main_location_id) VALUES (113, '칠곡', 7);
INSERT INTO sub_location (id, category, main_location_id) VALUES (114, '성주', 7);
INSERT INTO sub_location (id, category, main_location_id) VALUES (115, '고령', 7);
INSERT INTO sub_location (id, category, main_location_id) VALUES (116, '포항', 7);
INSERT INTO sub_location (id, category, main_location_id) VALUES (117, '경주', 7);
INSERT INTO sub_location (id, category, main_location_id) VALUES (118, '영천', 7);
INSERT INTO sub_location (id, category, main_location_id) VALUES (119, '경산', 7);
INSERT INTO sub_location (id, category, main_location_id) VALUES (120, '청도', 7);
INSERT INTO sub_location (id, category, main_location_id) VALUES (121, '거창', 8);
INSERT INTO sub_location (id, category, main_location_id) VALUES (122, '함양', 8);
INSERT INTO sub_location (id, category, main_location_id) VALUES (123, '산청', 8);
INSERT INTO sub_location (id, category, main_location_id) VALUES (124, '합천', 8);
INSERT INTO sub_location (id, category, main_location_id) VALUES (125, '창녕', 8);
INSERT INTO sub_location (id, category, main_location_id) VALUES (126, '의령', 8);
INSERT INTO sub_location (id, category, main_location_id) VALUES (127, '함안', 8);
INSERT INTO sub_location (id, category, main_location_id) VALUES (128, '밀양', 8);
INSERT INTO sub_location (id, category, main_location_id) VALUES (129, '창원', 8);
INSERT INTO sub_location (id, category, main_location_id) VALUES (130, '김해', 8);
INSERT INTO sub_location (id, category, main_location_id) VALUES (131, '양산', 8);
INSERT INTO sub_location (id, category, main_location_id) VALUES (132, '고성', 8);
INSERT INTO sub_location (id, category, main_location_id) VALUES (133, '거제', 8);
INSERT INTO sub_location (id, category, main_location_id) VALUES (134, '통영', 8);
INSERT INTO sub_location (id, category, main_location_id) VALUES (135, '하동', 8);
INSERT INTO sub_location (id, category, main_location_id) VALUES (136, '사천', 8);
INSERT INTO sub_location (id, category, main_location_id) VALUES (137, '남해', 8);
INSERT INTO sub_location (id, category, main_location_id) VALUES (138, '서구', 9);
INSERT INTO sub_location (id, category, main_location_id) VALUES (139, '달서', 9);
INSERT INTO sub_location (id, category, main_location_id) VALUES (140, '달성', 9);
INSERT INTO sub_location (id, category, main_location_id) VALUES (141, '동구', 9);
INSERT INTO sub_location (id, category, main_location_id) VALUES (142, '북구', 9);
INSERT INTO sub_location (id, category, main_location_id) VALUES (143, '군위', 9);
INSERT INTO sub_location (id, category, main_location_id) VALUES (144, '중구', 9);
INSERT INTO sub_location (id, category, main_location_id) VALUES (145, '남구', 9);
INSERT INTO sub_location (id, category, main_location_id) VALUES (146, '수성구', 9);
INSERT INTO sub_location (id, category, main_location_id) VALUES (147, '남구', 10);
INSERT INTO sub_location (id, category, main_location_id) VALUES (148, '울주', 10);
INSERT INTO sub_location (id, category, main_location_id) VALUES (149, '동구', 10);
INSERT INTO sub_location (id, category, main_location_id) VALUES (150, '중구', 10);
INSERT INTO sub_location (id, category, main_location_id) VALUES (151, '북구', 10);
INSERT INTO sub_location (id, category, main_location_id) VALUES (152, '서구', 10);
INSERT INTO sub_location (id, category, main_location_id) VALUES (153, '부평', 10);
INSERT INTO sub_location (id, category, main_location_id) VALUES (154, '계양', 10);
INSERT INTO sub_location (id, category, main_location_id) VALUES (155, '기장', 11);
INSERT INTO sub_location (id, category, main_location_id) VALUES (156, '해운대', 11);
INSERT INTO sub_location (id, category, main_location_id) VALUES (157, '금정', 11);
INSERT INTO sub_location (id, category, main_location_id) VALUES (158, '북구', 11);
INSERT INTO sub_location (id, category, main_location_id) VALUES (159, '동래', 11);
INSERT INTO sub_location (id, category, main_location_id) VALUES (160, '사상', 11);
INSERT INTO sub_location (id, category, main_location_id) VALUES (161, '부산진', 11);
INSERT INTO sub_location (id, category, main_location_id) VALUES (162, '수영', 11);
INSERT INTO sub_location (id, category, main_location_id) VALUES (163, '동구', 11);
INSERT INTO sub_location (id, category, main_location_id) VALUES (164, '남구', 11);
INSERT INTO sub_location (id, category, main_location_id) VALUES (165, '중구', 11);
INSERT INTO sub_location (id, category, main_location_id) VALUES (166, '영도', 11);
INSERT INTO sub_location (id, category, main_location_id) VALUES (167, '서구', 11);
INSERT INTO sub_location (id, category, main_location_id) VALUES (168, '사하', 11);
INSERT INTO sub_location (id, category, main_location_id) VALUES (169, '강서', 11);
INSERT INTO sub_location (id, category, main_location_id) VALUES (170, '가덕', 11);
INSERT INTO sub_location (id, category, main_location_id) VALUES (171, '동구', 12);
INSERT INTO sub_location (id, category, main_location_id) VALUES (172, '남구', 12);
INSERT INTO sub_location (id, category, main_location_id) VALUES (173, '서구', 12);
INSERT INTO sub_location (id, category, main_location_id) VALUES (174, '광산구', 12);
INSERT INTO sub_location (id, category, main_location_id) VALUES (175, '북구', 12);
INSERT INTO sub_location (id, category, main_location_id) VALUES (176, '광양', 13);
INSERT INTO sub_location (id, category, main_location_id) VALUES (177, '순천', 13);
INSERT INTO sub_location (id, category, main_location_id) VALUES (178, '여수', 13);
INSERT INTO sub_location (id, category, main_location_id) VALUES (179, '구례', 13);
INSERT INTO sub_location (id, category, main_location_id) VALUES (180, '곡성', 13);
INSERT INTO sub_location (id, category, main_location_id) VALUES (181, '담양', 13);
INSERT INTO sub_location (id, category, main_location_id) VALUES (182, '장성', 13);
INSERT INTO sub_location (id, category, main_location_id) VALUES (183, '영광', 13);
INSERT INTO sub_location (id, category, main_location_id) VALUES (184, '함평', 13);
INSERT INTO sub_location (id, category, main_location_id) VALUES (185, '신안', 13);
INSERT INTO sub_location (id, category, main_location_id) VALUES (186, '무안', 13);
INSERT INTO sub_location (id, category, main_location_id) VALUES (187, '목포', 13);
INSERT INTO sub_location (id, category, main_location_id) VALUES (188, '나주', 13);
INSERT INTO sub_location (id, category, main_location_id) VALUES (189, '화순', 13);
INSERT INTO sub_location (id, category, main_location_id) VALUES (190, '영암', 13);
INSERT INTO sub_location (id, category, main_location_id) VALUES (191, '진도', 13);
INSERT INTO sub_location (id, category, main_location_id) VALUES (192, '해남', 13);
INSERT INTO sub_location (id, category, main_location_id) VALUES (193, '강진', 13);
INSERT INTO sub_location (id, category, main_location_id) VALUES (194, '완도', 13);
INSERT INTO sub_location (id, category, main_location_id) VALUES (195, '장흥', 13);
INSERT INTO sub_location (id, category, main_location_id) VALUES (196, '보성', 13);
INSERT INTO sub_location (id, category, main_location_id) VALUES (197, '고흥', 13);
INSERT INTO sub_location (id, category, main_location_id) VALUES (198, '군산', 14);
INSERT INTO sub_location (id, category, main_location_id) VALUES (199, '익산', 14);
INSERT INTO sub_location (id, category, main_location_id) VALUES (200, '김제', 14);
INSERT INTO sub_location (id, category, main_location_id) VALUES (201, '부안', 14);
INSERT INTO sub_location (id, category, main_location_id) VALUES (202, '정읍', 14);
INSERT INTO sub_location (id, category, main_location_id) VALUES (203, '고창', 14);
INSERT INTO sub_location (id, category, main_location_id) VALUES (204, '장수', 14);
INSERT INTO sub_location (id, category, main_location_id) VALUES (205, '임실', 14);
INSERT INTO sub_location (id, category, main_location_id) VALUES (206, '남원', 14);
INSERT INTO sub_location (id, category, main_location_id) VALUES (207, '순창', 14);
INSERT INTO sub_location (id, category, main_location_id) VALUES (208, '무주', 14);
INSERT INTO sub_location (id, category, main_location_id) VALUES (209, '진안', 14);
INSERT INTO sub_location (id, category, main_location_id) VALUES (210, '전주', 14);
INSERT INTO sub_location (id, category, main_location_id) VALUES (211, '완주', 14);
INSERT INTO sub_location (id, category, main_location_id) VALUES (212, '춘천', 15);
INSERT INTO sub_location (id, category, main_location_id) VALUES (213, '홍천', 15);
INSERT INTO sub_location (id, category, main_location_id) VALUES (214, '화천', 15);
INSERT INTO sub_location (id, category, main_location_id) VALUES (215, '양구', 15);
INSERT INTO sub_location (id, category, main_location_id) VALUES (216, '인제', 15);
INSERT INTO sub_location (id, category, main_location_id) VALUES (217, '고성', 15);
INSERT INTO sub_location (id, category, main_location_id) VALUES (218, '속초', 15);
INSERT INTO sub_location (id, category, main_location_id) VALUES (219, '양양', 15);
INSERT INTO sub_location (id, category, main_location_id) VALUES (220, '강릉', 15);
INSERT INTO sub_location (id, category, main_location_id) VALUES (221, '동해', 15);
INSERT INTO sub_location (id, category, main_location_id) VALUES (222, '삼척', 15);
INSERT INTO sub_location (id, category, main_location_id) VALUES (223, '횡성', 15);
INSERT INTO sub_location (id, category, main_location_id) VALUES (224, '원주', 15);
INSERT INTO sub_location (id, category, main_location_id) VALUES (225, '평창', 15);
INSERT INTO sub_location (id, category, main_location_id) VALUES (226, '정선', 15);
INSERT INTO sub_location (id, category, main_location_id) VALUES (227, '영월', 15);
INSERT INTO sub_location (id, category, main_location_id) VALUES (228, '태백', 15);

